{
    "title": "WIA Locations",
    "westPA": "Western Pennsylvania",
    "westPAText": "Rodney John, WIA Employment & Training Counselor",
    "westPACenter": "Council of Three Rivers American Indian Center, Inc.",
    "westPAAddress": "120 Charles Street",
    "westPAZip": "Pittsburgh, PA 15238",
    "westPAPhone": "Telephone: (800)-985-8721",
    "eastPA": "Eastern Pennsylvania & Montgomery County Careerlink",
    "eastPAText": "Bill Reckard WIA Employment & Training Counselor",
    "eastPAAddress": "1855 New Hope Street",
    "eastPAZip": "Norristown, PA 19401",
    "eastPAPhone": "Telephone: (610)-292-3034 or (800)-341-3577",
    "wv": "West Virginia, Workforce WV Center",
    "wvText": "Edith Brabender, WIA Employment & Training Counselor",
    "wvAddress": "P.O. Box 1349, 1321 Plaza East",
    "wvZip": "Charleston, WV 25325",
    "wvPhone": "Telephone: (866)-660-3400",
    "maryland": "Western Maryland Consortium",
    "marylandText": "Stephanie Wiant, WIA Employment & Training Counselor",
    "marylandAddress": "33 W. Washington Street, Fourth Floor",
    "marylandZip": "Hagerstown, MD 21740",
    "marylandPhone": "Telephone: (800)-858-8083",
    "eastpoint": "Eastpoint Workforce Development Center",
    "eastpointText": "Fatima Ball WIA Employment and Training Counselor",
    "eastpointAddress": "7930 Eastern Boulevard",
    "eastpointZip": "Baltimore, MD 21224",
    "eastpointPhone": "Telephone: (877)-268-6680",
    "kentucky": "Central Kentucky One-Stop",
    "kentuckyText": "Jeanetta Howard, WIA Employment & Training Counselor",
    "kentuckyAddress": "1055 Industry Road",
    "kentuckyZip": "Lexington, KY 40505",
    "kentuckyPhone": "Telephone: (866)-294-0298",
    "nia": "NIA Center",
    "niaText": "Annette Jones WIA Employment & Training Counselor",
    "niaAddress": "2900 West Broadway",
    "niaZip": "Louisville, KY 40211",
    "niaPhone": "Telephone: (800)-595-8721",
    "copyrighttext" : "2014 COTRAIC, Inc."
}