{
    "title": "Council of Three Rivers American Indian Center, Inc.",
    "columnOneHeader": "Early Education",
    "columnOneText": "At COTRAIC, Inc. we offer three early education programs: Pre-K, Early Head Start, Head Start. Here your child wil be....blah, blah, blah",
    "columnTwoHeader": "Assitance Programs",
    "columnTwoText": "At COTRAIC, Inc. we offer assitance programs to those who meet our minimum Native American requirements. These programs include elderly assitance in food and shelter, as well as employment training for Native Americans of all ages...blah, blah, blah.",
    "columnThreeHeader": "Cultural",
    "columnThreeText": "textalksjdf;lkajsdf;lksajdf;laskjdf;laskdjf; laskdjf;lasdkfja;slkdfjl;askdfj;laskdfj;laksdfj"
}