{
    "titletext": "WIA Contact",
    "wpawiacenter": "Western Pennsylvania WIA Center - 120 Charles Street, Pittsburgh PA 15238 800-985-8721",
    "wpawiacenteremail": "Email: rjohn@cotraic.org",
    "epawiacenter": "Eastern Pennsylvania & Montgomery County WIA Center - 1855 New Hope Street Norristown, PA 19401 610-292-3034, 800-341-3577",
    "epawiacenteremail": "Email: breckard@cotraic.org",
    "wwvcenter": "West Virginia, Workforce WV Center - Edith Brabender, WIA Employment & Training Counselor P.O. Box 1349, 1321 Plaza East Charleston, WV 25325 866-660-3400",
    "wwvcenteremail": "Email: wiawv@hotmail.com",
    "fbwiahagerstown": "Fatima Ball WIA Employment & Training Counselor Hagerstown - 33 W. Washington Street, fourth floor Hagerstown, MD 21740 800-858-8083",
    "fbwiahagerstownemail": "Email: fball@cotraic.org",
    "fbwiabaltimore": "Fatima Ball WIA Employment & Training Counselor Baltimore - 7930 Eastern Boulevard Baltimore, MD 21224 877-268-6680",
    "fbwiabaltimoreemail": "Email: fball@cotraic.org",
    "lexingtonwia": "WIA Employment & Training Counselor - 1055 Industry Road Lexington, KY 40505 866-294-0298",
    "lexingtonwiaemail": "Email: jhoward@cotraic.org",
    "louisvillewia": "WIA Employment & Training Counselor - 2900 West Broadway Louisville, KY 40211 800-595-8721",
    "louisvillewiaemail": "Email: annette.jones@kentuckianaworks.org",
    "copyrightdate": "2014",
    "copyrighttext": "COTRAIC, Inc."
}