{
        "title": "HeadStart Contact",
        "knoxville": "HeadStart Central Office Knoxville Area",
        "knoxvilleCenter": "Rochelle Street Center",
        "knoxvilleAddress": "201 Rochelle Street",
        "knoxvilleZip": "Pittsburgh, PA 15234",
        "knoxvillePhone": "Telephone: (412)-488-2750 -- Fax (412) 488-7527",
        "overbrook": "HeadStart Overbrook Area",
        "overbrookCenter": "Overbrook Center",
        "overbrookAddress": "2413 Off Sawmill Run Blvd",
        "overbrookZip": "Pittsburgh, PA 15234",
        "overbrookPhone": "Telephone: (412)-882-1481",
        "hazelwood": "HeadStart Hazelwood Area",
        "hazelwoodCenter": "Hazelwood Center",
        "hazelwoodAddress": "4900 Second Avenue",
        "hazelwoodZip": "Pittsburgh, PA 15207",
        "hazelwoodPhone": "Telephone: (412)-421-6379",
        "dorseyville": "HeadStart Dorseyville Area",
        "dorseyvilleCenter": "Dorseyville Center",
        "dorseyvilleAddress": "120 Charles Street",
        "dorseyvilleZip": "Dorseyville, PA 15238",
        "dorseyvillePhone": "Telephone: (412)-782-4457",
        "copyrighttext" : "2014 COTRAIC, Inc."
}